Satyakam,Denny,Sales Rep. II,26780
Monica,Kletschkus,Sales Rep. IV,30890
Kevin,Lyon,Sales Rep. I,26955
Petrea,Soltau,Sales Rep. II,27440
Marina,Iyengar,Sales Rep. III,29715
Shani,Duckett,Sales Rep. I,25795
Fang,Wilson,Sales Rep. II,26810
Michael,Minas,Sales Rep. I,26970
Amanda,Liebman,Sales Rep. II,27465
Vincent,Eastley,Sales Rep. III,29695
Viney,Barbis,Sales Rep. III,30265
Skev,Rusli,Sales Rep. II,26580
Narelle,James,Sales Rep. III,29990
Gerry,Snellings,Sales Rep. I,26445
Leonid,Karavdic,Sales Rep. II,27860
Rosette,Martines,Sales Rep. III,30785
Randal,Scordia,Sales Rep. I,27215
Tadashi,Pretorius,Sales Rep. I,27050
Selina,Barcoe,Sales Rep. I,25275
Cos,Tannous,Sales Rep. III,28135
Alena,Moody,Sales Rep. II,26205
Andrew,Conolly,Sales Rep. I,25745
Koavea,Pa,Sales Rep. I,26095
Lorian,Cantatore,Temp. Sales Rep.,27065
Geok-Seng,Barreto,Temp. Sales Rep.,25020
Brig,Blanton,Temp. Sales Rep.,26910
Ari,Moore,Temp. Sales Rep.,25820
Sharon,Bahlman,Temp. Sales Rep.,25080
Merryn,Quinby,Temp. Sales Rep.,26795
Reyne,Catenacci,Temp. Sales Rep.,26665
Shanmuganath,Baran,Temp. Sales Rep.,26715
Mihailo,Lachlan,Temp. Sales Rep.,25180
Meera,Body,Sales Rep. III,28025
Terrill,Jaime,Sales Rep. IV,31515
William,Smades,Sales Rep. I,26585
Nasim,Smith,Sales Rep. IV,31335
David,Anstey,Sales Rep. I,25285
Roger,Mandzak,Sales Rep. I,25845
Karen,Grzebien,Sales Rep. I,25820
Lawrie,Clark,Sales Rep. I,26560
Perrior,Bataineh,Sales Rep. I,26930
Patricia,Capristo-Abramczyk,Sales Rep. II,26080
Richard,Fay,Sales Rep. II,26900
Clement,Davis,Sales Rep. III,30185
Debra,Armant,Sales Rep. IV,30305
Corneille,Malta,Sales Rep. III,28040
Jeanilla,Macnair,Sales Rep. IV,31865
Agnieszka,Holthouse,Sales Rep. III,29385
Bryce,Smotherly,Sales Rep. III,28585
Hal,Heatwole,Sales Rep. I,27475
Burnetta,Buckner,Sales Rep. I,25390
Rocheal,Flammia,Sales Rep. I,27115
Brian,Farnsworth,Sales Rep. I,27260
Rose,Anger,Sales Rep. IV,31380
Libby,Levi,Sales Rep. I,25930
Albert,Knapp,Temp. Sales Rep.,26370
Salim,Maholo,Temp. Sales Rep.,26885
Lee,Stouchko,Temp. Sales Rep.,26855
Karen,Costine,Temp. Sales Rep.,27480
Okema,Whipkey,Temp. Sales Rep.,26515
Aquilla,O'Carroll,Temp. Sales Rep.,26430
Mary,Bond-Teague,Temp. Sales Rep.,26670
Teresa,Sergi,Temp. Sales Rep.,26640
Paul,Lawson,Temp. Sales Rep.,25725
Bruce,Armogida,Temp. Sales Rep.,25205
Susan,Labach,Temp. Sales Rep.,25020
Halouise,Cassone,Temp. Sales Rep.,25735
Stancey,Scarbrough,Temp. Sales Rep.,26265
Randy,Helyar,Temp. Sales Rep.,26410
Deginald,Gonzalez,Temp. Sales Rep.,26925
Michael. R.,Boocks,Sales Rep. I,27055
