"HOF","FY","LY","SP","POS","ASG","G","AB","R","H","DB","TP","HR","RBI","SB","CS","BB","SO","AVG","SLG","OBP"
"Y",1961,1983,23,"OF",0.78,3308,11988,1816,3419,646,59,452,1844,168,116,1845,1393,285,462,379
"Y",1941,1963,22,"OF",0.91,3026,10972,1949,3630,725,177,475,1951,78,31,1599,696,331,559,417
"Y",1959,1976,18,"OF",0.33,2488,9350,1410,2711,434,88,426,1475,90,49,1045,1046,290,492,361
"Y",1981,1997,16,"2B",0.62,2164,8385,1318,2386,403,76,282,1061,344,107,761,1260,285,452,344
"Y",1973,1993,21,"3B",0.62,2707,10349,1583,3154,665,137,317,1595,201,97,1096,908,305,487,369
"Y",1954,1976,23,"OF",0.91,3298,12364,2174,3771,624,98,755,2297,240,73,1402,1383,305,555,374
"Y",1962,1982,21,"OF",0.33,2360,7927,1195,2232,423,55,475,1540,17,16,937,1936,282,529,360
"Y",1969,1993,24,"C",0.46,2499,8756,1276,2356,421,47,376,1330,128,58,849,1386,269,457,341
"Y",1974,1993,20,"SS",0.15,2856,11008,1632,3142,583,126,251,1406,271,105,966,1350,285,430,342
"Y",1972,1989,18,"3B",0.67,2404,8352,1506,2234,408,59,548,1595,174,92,1507,1883,267,527,380
"Y",1954,1975,22,"1B",0.5,2435,8147,1283,2086,290,24,573,1584,19,18,1559,1699,256,509,376
"Y",1946,1965,19,"C",0.79,2120,7555,1175,2150,321,49,358,1430,30,26,704,414,285,482,348
"Y",1961,1979,19,"OF",0.32,2616,10332,1610,3023,486,141,149,900,938,307,761,1730,293,410,343
"Y",1945,1963,19,"2B",0.53,2216,8479,1223,2449,427,78,84,773,89,27,606,346,289,387,337
"Y",1953,1971,19,"1B",0.58,2528,9421,1305,2583,407,90,512,1636,50,53,763,1236,274,500,330
"Y",1951,1968,18,"OF",0.89,2401,8102,1677,2415,344,72,536,1509,153,38,1733,1710,298,557,421
"N",1951,1962,12,"OF",0.08,829,2261,320,624,96,26,105,374,12,10,212,392,276,481,340
"N",1994,2003,10,"OF",0,1000,3347,500,882,146,28,25,241,260,61,243,581,264,346,313
"N",1994,2006,13,"SS",0,1396,4977,623,1209,274,27,137,536,97,48,392,1165,243,391,302
"N",1967,1978,11,"C",0.09,922,2729,247,654,92,4,80,320,6,8,260,361,240,364,310
"N",1968,1979,12,"C",0,711,1888,205,415,66,7,62,230,1,5,229,319,220,361,306
"N",1979,1995,17,"OF",0,1635,5798,985,1553,260,54,255,870,284,78,718,1285,268,463,352
"N",1998,2007,10,"OF",0.1,1108,4003,573,1055,221,16,189,668,124,55,350,1085,264,468,329
"N",1987,1999,13,"C",0,1008,2982,248,733,111,20,21,278,10,19,243,505,246,318,311
"N",1998,2008,11,"C",0.36,1082,3892,483,1112,222,8,80,481,20,19,266,295,286,409,337
"N",1970,1988,19,"OF",0.11,2353,7917,1036,2251,391,94,165,1077,317,136,898,1031,284,420,354
"N",1980,1991,11,"3B",0.09,1212,3802,453,972,193,26,71,442,34,26,408,602,256,376,326
"N",1963,1980,18,"OF",0.22,2028,7298,873,1993,284,40,325,1163,20,38,620,1313,273,457,332
"N",1963,1975,13,"OF",0,1051,2262,330,582,78,19,84,322,30,8,242,275,257,420,330
"N",1946,1963,18,"C",0.39,1752,5351,623,1415,244,14,155,808,20,10,671,453,264,402,357
"N",1964,1974,11,"OF",0,997,3307,391,864,109,24,116,445,40,41,263,672,261,414,326
"N",1987,1998,11,"2B",0.09,1119,3734,624,1035,171,41,30,294,117,60,380,335,277,369,348
"N",1995,2008,14,"OF",0,1218,1830,220,464,101,9,42,250,16,9,259,425,254,387,347
"N",1983,1995,12,"2B",0,1190,3202,339,821,104,24,14,254,35,33,448,376,256,317,346
"N",1995,2004,10,"OF",0,488,1463,180,352,44,13,66,212,10,13,81,330,241,424,279
"N",1971,1981,11,"2B",0,1237,4521,500,1239,177,41,41,432,75,54,207,348,274,359,306
"N",1965,1978,13,"2B",0,1499,5566,610,1491,211,46,45,438,80,47,298,561,268,347,307
"N",1990,2001,12,"2B",0,752,1988,239,518,116,8,19,187,4,11,228,274,261,356,340
"N",1961,1977,17,"1B",0.24,2042,6681,889,1776,270,11,339,1187,20,21,1001,1226,266,462,361
"N",1971,1982,12,"3B",0,1138,3950,488,1016,145,40,27,322,156,112,372,505,257,335,321
"N",1960,1972,13,"2B",0.15,1622,5722,722,1469,216,55,78,506,135,63,314,812,257,355,296
"N",1983,1992,10,"SS",0,873,2026,244,490,73,12,19,143,49,30,206,331,242,318,312
"N",1956,1967,11,"OF",0.09,1221,3895,540,1020,175,37,112,485,45,30,351,574,262,412,323
"N",1990,2005,15,"3B",0,1230,1793,187,466,79,6,35,222,5,7,283,332,260,369,360
"N",1982,1994,13,"OF",0,1159,3513,591,886,183,51,90,352,322,83,481,688,252,410,342
"N",1976,1986,11,"3B",0.09,1106,3125,373,727,126,9,121,396,24,22,482,496,233,395,337
"N",1990,2003,14,"C",0.14,1225,3769,495,883,167,7,202,599,14,11,453,988,234,443,320
"N",1967,1978,11,"OF",0.09,1026,3120,314,799,106,30,91,387,13,7,185,693,256,397,298
"N",1990,2001,12,"OF",0,626,1548,210,389,73,11,39,219,33,15,186,247,251,388,332
"N",1962,1977,16,"2B",0.31,1822,6309,714,1660,254,25,54,593,74,68,396,489,263,337,306
"N",1994,2003,10,"2B",0,979,2268,290,591,117,17,44,268,30,15,195,268,261,385,319
"N",1982,1991,10,"1B",0,1013,3202,420,794,141,6,110,462,41,18,434,469,248,399,338
"N",1978,1989,11,"2B",0.18,1032,3914,490,1108,183,27,36,323,203,90,130,322,283,371,309
"N",1975,1984,10,"OF",0,665,1604,146,447,71,11,34,219,3,17,81,317,279,400,313
"N",1974,1988,14,"OF",0,1537,4877,605,1334,186,76,107,550,92,57,353,793,274,409,322
"N",1968,1983,16,"3B",0.25,1720,6215,798,1623,302,36,176,729,80,51,600,866,261,406,328
"N",1965,1983,17,"OF",0.29,1908,6730,972,1862,285,45,252,1043,127,75,862,841,277,445,357
"N",1978,1991,14,"C",0.29,1491,4979,474,1313,244,12,113,628,6,15,365,855,264,386,314
"N",1964,1975,11,"2B",0,682,1732,176,403,42,9,14,134,4,10,127,151,233,292,286
"N",1960,1972,11,"C",0.09,909,2828,201,712,94,9,50,304,5,12,207,344,252,344,304
"N",1955,1968,11,"SS",0,1105,3244,357,819,130,26,35,285,12,12,390,341,252,341,333
"N",1986,1997,12,"C",0,939,2597,336,574,120,6,96,335,24,14,233,749,221,383,289
"N",1998,2007,10,"OF",0,855,2030,290,494,120,17,63,318,29,15,244,495,243,412,325
"N",1957,1970,14,"C",0.29,1585,4847,512,1206,190,44,104,548,67,56,547,677,249,371,326
"N",1951,1966,16,"OF",0.19,1766,6285,792,1671,262,31,286,962,15,22,484,894,266,454,320
"N",1997,2008,12,"1B",0.25,1405,5066,690,1531,322,12,130,735,18,8,477,577,302,447,367
"N",1993,2008,16,"SS",0,1515,4604,517,1206,234,18,60,487,35,33,408,750,262,360,325
"N",1969,1990,22,"1B",0.05,2517,9397,1077,2715,498,49,174,1208,183,73,450,453,289,408,321
"N",1972,1987,16,"OF",0.06,2033,7147,1083,2011,319,51,234,978,183,74,940,1125,281,439,364
"N",1973,1989,14,"OF",0,859,1699,216,438,91,6,30,205,4,5,282,240,258,371,362
"N",1963,1974,12,"3B",0.08,1125,3783,518,1052,148,29,170,578,17,17,380,573,278,467,345
"N",1951,1963,10,"1B",0.1,1013,3020,384,805,135,33,132,467,10,3,353,460,267,464,341
"N",1973,1989,17,"OF",0,1809,3745,449,1073,130,46,7,308,39,44,523,250,287,351,372
"N",1981,1999,19,"OF",0.16,2436,8673,1240,2380,424,30,350,1372,142,98,1194,1698,274,451,360
"N",1960,1979,18,"OF",0.11,2429,9174,1217,2561,395,138,182,1053,398,131,418,977,279,412,311
"N",1956,1967,12,"2B",0.08,1371,4912,620,1314,190,52,47,454,20,15,428,411,268,356,325
"N",1995,2006,12,"OF",0.17,1334,4763,756,1273,267,17,138,631,165,66,681,613,267,417,368
"N",1968,1981,14,"SS",0.21,1650,5530,736,1340,216,55,41,490,385,131,523,787,242,324,309
"N",1993,2005,11,"OF",0,460,1113,136,286,60,8,22,124,9,6,94,200,257,385,318
"N",1952,1961,10,"OF",0,1171,3552,503,911,155,56,83,422,160,70,365,523,256,402,328
"N",1974,1985,12,"OF",0,972,3007,430,811,143,28,19,288,108,37,292,318,270,355,334
"N",1981,1990,10,"SS",0,863,2322,301,559,60,17,9,133,108,41,219,384,241,293,307
"N",1989,2000,12,"OF",0.42,1539,5853,974,1726,389,21,381,1239,88,41,683,961,295,564,369
"N",1956,1970,15,"OF",0.07,1719,5121,650,1395,224,34,125,656,46,21,544,694,272,403,343
"N",1973,1983,11,"OF",0.09,1071,3853,548,1153,167,55,63,430,183,63,248,457,299,420,345
"N",1997,2008,12,"3B",0,1030,2486,286,601,88,19,18,209,38,16,250,447,242,314,313
"N",1990,2007,17,"1B",0.12,2024,6957,870,1982,385,36,214,1071,54,29,671,1168,285,443,347
"N",1954,1969,14,"SS",0,1390,4019,524,963,150,22,179,559,14,11,508,944,240,421,331
"N",1988,2002,15,"OF",0.2,1834,6499,1062,1661,338,67,210,761,315,100,960,1190,256,425,362
"N",1984,1993,10,"SS",0,1038,3064,307,738,99,34,19,219,74,46,256,425,241,314,300
"N",1984,1993,10,"1B",0.2,1015,3719,510,965,177,13,190,603,28,11,370,613,259,467,332
"N",1962,1978,15,"C",0.13,948,2618,245,615,101,17,49,309,13,14,246,529,235,343,306
"N",1996,2007,12,"1B",0,1274,3899,517,996,225,27,119,549,33,23,412,594,255,419,329
"N",1967,1982,16,"OF",0.19,1547,5556,684,1468,287,39,179,810,25,15,369,870,264,427,311
"N",1963,1985,23,"OF",0.26,2951,9720,1189,2716,499,47,292,1466,47,33,1255,888,279,431,362
"N",1958,1967,10,"SS",0,817,2328,198,549,68,9,3,137,23,25,99,116,236,277,270
"N",1990,2003,13,"OF",0,1391,3998,564,1108,229,28,103,585,57,29,487,661,277,426,355
"N",1964,1973,10,"OF",0,730,1721,167,400,58,19,36,163,22,16,142,357,232,351,292
"N",1955,1964,10,"C",0,879,2682,269,715,148,10,58,323,7,10,196,361,267,394,317
"N",1990,2002,13,"3B",0.38,1698,6481,895,1776,345,40,223,1022,72,38,602,1369,274,443,336
"N",1982,1997,16,"C",0,1327,4063,415,1151,235,28,77,476,18,15,311,559,283,412,338
"N",1995,2006,12,"3B",0,1403,4826,587,1239,267,18,123,589,19,20,428,687,257,396,320
"N",1955,1967,11,"OF",0,1125,2918,374,699,112,19,117,401,23,8,363,401,240,411,326
"N",1962,1976,15,"OF",0.53,1676,6301,870,1917,329,48,220,947,86,55,448,645,304,476,353
"N",1975,1992,18,"2B",0.33,2202,8018,1239,2210,316,65,54,687,271,94,1243,675,276,351,373
"N",1969,1992,24,"C",0,1766,4692,525,1093,223,12,96,471,20,19,592,736,233,347,319
"N",1988,2001,14,"OF",0.29,1704,6381,934,1906,401,27,274,1141,152,73,355,1078,299,499,336
"N",1977,1990,14,"OF",0,784,1581,183,430,50,12,20,158,47,24,143,275,272,357,330
"N",1955,1971,16,"3B",0,1725,5780,645,1396,200,33,162,654,41,28,470,931,242,372,299
"N",1981,1991,11,"OF",0,1036,3090,389,739,128,24,70,313,98,40,182,671,239,364,281
"N",1977,1988,11,"OF",0.09,1168,4058,581,1128,179,25,130,634,39,24,576,605,278,431,367
"N",1958,1970,13,"3B",0.08,1501,4427,552,1142,177,37,77,456,16,25,382,673,258,367,318
"N",1982,1999,18,"OF",0,2161,7617,1300,2023,360,50,160,819,177,114,1319,1499,266,389,374
"N",1989,2005,17,"OF",0.29,1988,6907,1355,2160,471,62,383,1311,230,76,913,1231,313,565,400
"N",1965,1974,10,"OF",0,658,1963,204,464,75,8,73,267,5,8,99,350,236,394,273
"N",1981,1993,12,"OF",0.25,1587,6123,814,1702,308,34,265,1002,67,36,331,771,278,469,316
"N",1950,1961,10,"C",0,653,1994,202,494,64,11,47,235,6,7,151,147,248,362,302
"N",1993,2004,12,"2B",0.08,1148,4240,627,1196,194,49,40,343,116,67,288,292,282,379,348
"N",1965,1978,13,"2B",0.31,1435,4797,564,1252,242,18,136,609,33,25,559,675,261,404,340
"N",1972,1989,18,"3B",0.28,2405,8995,1151,2514,425,56,201,1106,55,79,836,776,279,406,341
"N",1966,1976,11,"OF",0,697,1605,224,363,50,8,52,175,36,24,184,411,226,364,311
"N",1963,1973,10,"OF",0,777,1420,164,336,45,14,8,112,38,20,139,218,237,305,306
"N",1993,2006,13,"1B",0,754,1800,238,445,88,3,79,294,19,13,194,393,247,431,326
"N",1960,1969,10,"SS",0,389,988,106,257,38,3,6,70,12,7,61,127,260,323,309
"N",1959,1971,12,"SS",0.17,1400,5141,650,1246,230,63,95,471,97,48,318,810,242,367,290
"N",1980,1989,10,"SS",0,568,1104,142,260,43,10,37,109,7,5,94,220,236,393,304
"N",1986,1996,10,"OF",0,930,2147,277,565,104,9,41,271,19,18,314,381,263,377,356
"N",1963,1974,12,"2B",0,702,1411,150,336,50,7,14,159,5,4,163,184,238,313,316
"N",1984,1995,10,"1B",0,945,2591,323,602,109,12,104,348,74,28,260,626,232,404,303
"N",1989,2001,13,"C",0,1076,3367,320,831,174,3,102,476,13,13,248,637,247,391,299
"N",1995,2007,13,"OF",0,1206,2335,306,640,113,14,12,226,37,28,265,230,274,350,351
"N",1953,1964,12,"OF",0,1610,6056,937,1651,241,102,94,545,207,89,482,793,273,393,328
"N",1968,1981,14,"C",0,722,1993,151,441,74,11,30,173,10,4,228,415,221,315,306
"N",1965,1974,10,"C",0,393,1049,54,237,31,3,9,66,3,6,87,168,226,287,287
"N",1964,1976,11,"C",0.09,929,2885,274,617,79,4,109,341,5,13,252,677,214,357,279
"N",1970,1986,17,"2B",0.35,2008,6890,1033,1833,320,47,224,864,104,83,1087,1278,266,424,371
"N",1947,1963,17,"OF",0.24,1862,6099,867,1692,289,42,266,1178,9,19,828,842,277,469,364
"N",1978,1991,14,"C",0,1192,3440,348,914,172,7,71,438,14,10,385,378,266,382,340
"N",1986,1998,13,"C",0,474,1303,112,279,50,0,53,168,3,3,98,319,214,375,268
"N",1972,1981,10,"2B",0,1017,2959,281,714,118,28,27,269,23,18,175,411,241,327,285
"N",1981,1994,14,"1B",0.07,1747,6192,903,1749,312,18,293,1086,37,26,838,798,282,481,367
"N",1991,2006,16,"OF",0.31,2076,7869,1366,2336,449,55,287,1257,147,87,1069,1212,297,477,381
"N",1987,2004,18,"OF",0.11,2000,7232,1253,2107,402,63,352,1206,181,84,793,1340,291,510,363
"N",1976,1986,10,"3B",0,789,1883,204,471,85,9,14,146,11,12,104,185,250,327,291
"N",1982,1992,11,"OF",0,769,1723,247,438,69,17,11,145,101,57,143,226,254,333,313
"N",1974,1985,12,"2B",0,1057,3379,329,917,91,29,1,263,52,71,248,255,271,316,325
"N",1958,1972,15,"SS",0.07,1384,4311,446,1007,156,17,106,501,9,14,551,643,234,351,320
"N",1963,1973,10,"1B",0,393,661,79,153,18,4,14,90,6,5,54,150,231,334,288
"N",1962,1982,20,"OF",0.05,1536,3779,496,1149,125,52,31,438,50,42,289,320,304,389,355
"N",1958,1969,10,"1B",0.1,1112,3997,506,1055,157,30,228,743,2,7,301,957,264,489,316
"N",1990,2003,14,"SS",0.07,1720,5770,676,1500,257,30,91,626,96,58,500,800,260,362,323
"N",1950,1964,14,"OF",0.14,1133,3245,478,856,110,26,148,532,18,7,484,545,264,451,360
"N",1959,1969,10,"C",0,786,2216,268,546,111,5,93,320,24,21,215,420,246,427,315
"N",1995,2004,10,"3B",0,828,2326,351,640,118,9,51,265,49,16,191,308,275,399,335
"N",1989,2001,13,"OF",0,1162,3715,528,1005,187,21,186,586,96,38,270,845,271,482,321
"N",1969,1980,12,"OF",0,1010,2733,372,722,140,9,96,358,26,18,538,611,264,427,387
"N",1993,2005,11,"SS",0,721,1620,171,390,85,7,22,151,10,12,100,343,241,343,293
"N",1966,1982,14,"1B",0.07,1632,5843,645,1604,279,25,139,802,32,42,465,751,275,402,327
"N",1959,1970,12,"OF",0,1365,3631,488,984,150,29,42,319,58,32,294,438,271,363,325
"N",1991,2001,11,"C",0,720,2114,280,515,95,7,81,275,9,12,278,571,244,410,332
"N",1974,1988,15,"SS",0,1236,3330,390,846,138,25,36,296,128,60,250,636,254,343,305
"N",1952,1962,11,"1B",0,835,2493,357,632,104,8,103,402,10,11,363,462,254,426,351
"N",1979,1991,13,"2B",0.08,1514,5349,676,1450,254,41,28,574,188,64,627,584,271,350,347
"N",1962,1977,16,"3B",0,1583,5131,568,1273,172,26,156,606,20,19,510,815,248,383,316
"N",1961,1975,15,"SS",0.07,1846,6045,550,1355,201,38,60,461,30,35,444,845,224,300,280
"N",1976,1991,16,"SS",0.19,2079,7721,893,2096,329,106,70,728,242,129,375,1092,271,369,304
"N",1969,1979,11,"C",0.64,1423,5344,696,1558,229,32,113,701,48,50,438,571,292,410,346
"N",1993,2005,11,"1B",0,632,1493,182,362,68,8,36,175,9,9,126,367,242,371,305
"N",1969,1979,11,"SS",0,915,2113,237,458,75,17,14,190,19,18,238,471,217,288,296
"N",1975,1987,13,"OF",0,1555,5248,664,1349,189,43,56,458,168,78,471,616,257,341,317
"N",1999,2008,10,"OF",0,1302,4594,632,1272,255,19,165,630,82,45,314,949,277,448,326
"N",1994,2005,12,"C",0.17,1188,3836,465,940,211,4,167,570,6,10,475,997,245,433,330
"N",1992,2007,16,"SS",0,1678,5539,872,1348,302,41,249,816,136,56,630,1294,243,448,321
"N",1984,1998,15,"3B",0.07,1893,7032,851,1897,356,39,140,946,127,59,486,979,270,391,316
"N",1961,1972,12,"1B",0,1362,4648,594,1273,192,57,159,682,90,57,379,1140,274,442,328
"N",1956,1966,11,"OF",0,841,1796,256,434,71,23,43,176,26,19,164,318,242,379,309
"N",1968,1985,18,"3B",0,1908,6144,865,1694,273,57,203,890,38,40,687,741,276,438,352
"N",1964,1974,11,"3B",0,1128,3555,436,869,132,26,57,323,43,38,516,466,244,344,341
"N",1977,1996,20,"SS",0.3,2293,8288,1231,2365,412,55,185,1003,236,109,850,874,285,415,352
"N",1970,1983,14,"C",0,1013,3001,407,719,121,11,122,445,22,12,562,607,240,409,358
"N",1971,1987,17,"1B",0.29,1896,7349,1012,2192,415,47,241,1125,89,49,448,911,298,466,337
"N",1950,1961,11,"2B",0.09,1021,3419,425,877,137,28,64,333,34,29,188,355,257,369,300
"N",1979,2002,23,"OF",0.3,2502,8872,1571,2605,430,113,170,980,808,146,1330,966,294,425,385
"N",1950,1967,17,"OF",0.12,1734,5890,811,1604,256,52,104,591,115,57,524,583,272,386,332
"N",1998,2007,10,"1B",0.1,846,2373,287,613,116,12,69,324,6,9,235,386,258,405,328
"N",1990,2008,19,"OF",0.26,2591,9157,1412,2591,596,68,354,1439,128,87,1155,1218,283,479,367
"N",1963,1973,11,"SS",0.18,1195,3927,442,999,140,44,55,342,63,30,300,622,254,354,310
"N",1964,1977,14,"C",0.07,1061,3442,311,813,118,13,82,381,12,17,271,565,236,350,292
"N",1963,1972,10,"OF",0.1,1286,4553,718,1203,157,44,93,418,200,105,672,575,264,379,362
"N",1980,1989,10,"OF",0,963,2999,419,778,161,16,91,371,134,56,236,537,259,415,313
"N",1992,2007,16,"OF",0.06,1736,5611,874,1564,343,33,278,987,91,41,817,1077,279,500,370
"N",1958,1978,21,"1B",0.1,2442,7184,931,1913,307,33,215,1044,35,33,1052,877,266,408,360
"N",1949,1966,16,"C",0.5,1573,5026,585,1276,179,18,179,657,26,28,424,477,254,404,312
"N",1961,1970,10,"3B",0.1,1002,3303,419,887,125,20,77,399,17,10,266,410,269,388,328
"N",1992,2006,15,"C",0.2,1503,5319,674,1527,267,19,260,864,8,19,357,969,287,491,337
"N",1959,1972,14,"C",0,908,2189,189,487,82,12,32,230,9,8,201,299,222,315,291
"N",1971,1982,12,"1B",0,1215,3436,455,855,140,16,131,498,31,22,504,473,249,413,344
"N",1952,1964,10,"OF",0.1,902,2558,331,670,88,31,66,284,21,18,245,470,262,398,329
"N",1963,1981,16,"C",0.12,1421,4339,352,1092,160,22,39,404,15,23,399,600,252,326,316
"N",1992,2005,14,"C",0,1047,3372,319,849,176,3,80,395,10,19,175,514,252,377,290
"N",1970,1985,16,"SS",0.31,2247,8418,987,2191,262,99,15,525,318,105,474,569,260,320,300
"N",1964,1976,13,"OF",0.08,1322,4623,550,1331,180,33,78,525,113,63,244,626,288,392,326
"N",1981,2000,20,"3B",0.1,2507,8951,1130,2280,443,39,360,1341,96,65,634,1602,255,434,308
"N",1971,1986,16,"OF",0.19,1754,5913,784,1615,277,33,235,901,87,70,560,852,273,450,336
"N",1977,1990,14,"OF",0.14,1415,5045,614,1342,223,37,144,723,163,61,342,1000,266,411,312
"N",1982,1993,10,"OF",0.1,1201,4151,451,1098,209,26,98,521,27,25,253,672,265,398,306
"N",1969,1989,21,"3B",0.1,2687,8973,1344,2223,329,36,414,1354,98,68,1605,1410,248,431,361
"N",1948,1961,14,"OF",0.21,1544,5145,833,1424,229,57,164,703,50,33,521,638,277,439,346
"N",1968,1981,14,"OF",0.21,1849,7043,1258,1886,302,66,332,1024,461,169,914,1757,268,471,353
"N",1990,2005,15,"SS",0.13,1651,5681,840,1551,252,72,57,537,172,100,772,914,273,373,360
"N",1986,1998,13,"OF",0,905,1964,248,518,81,8,62,284,19,12,222,451,264,408,338
"N",1976,1988,12,"OF",0,1064,2708,367,670,135,4,121,410,16,20,406,428,247,434,351
"N",1959,1971,13,"OF",0,912,2267,307,594,87,26,21,175,37,32,295,234,262,351,347
"N",1983,1994,12,"1B",0,1088,3108,351,819,191,12,90,455,50,40,353,450,264,420,336
"N",1976,1986,11,"1B",0.27,1418,4802,640,1253,204,12,208,782,8,7,816,862,261,438,366
"N",1975,1992,18,"C",0,1329,4069,393,998,190,15,59,436,6,22,320,450,245,343,301
"N",1987,2000,14,"1B",0.14,1465,5520,761,1593,300,27,126,663,196,63,472,348,289,421,344
"N",1956,1965,10,"OF",0.1,969,3054,370,808,133,48,44,321,21,6,221,474,265,383,315
"N",1964,1979,16,"SS",0.38,2078,7651,899,1931,254,80,14,527,100,85,684,759,252,312,314
"N",1988,2007,20,"C",0.3,1377,4530,520,1236,249,10,112,588,25,24,212,499,273,406,309
"N",1953,1962,10,"3B",0,612,1745,204,425,60,10,27,171,16,15,142,252,244,336,303
"N",1980,1989,10,"OF",0,904,2483,374,634,92,16,23,152,218,63,222,301,255,333,318
"N",1956,1971,13,"3B",0,1324,4369,386,1103,135,26,60,457,19,24,333,459,252,336,308
"N",1991,2001,11,"C",0,975,2874,351,784,151,9,94,419,11,10,255,574,273,430,331
"N",1954,1966,13,"OF",0,1184,2879,364,798,123,34,115,470,12,17,224,416,277,463,329
"N",1945,1961,17,"C",0.06,1309,3826,342,908,177,20,79,441,2,3,382,522,237,356,312
"N",1950,1962,13,"OF",0.08,1352,4250,541,1113,162,35,48,438,97,48,310,439,262,350,314
"N",1995,2006,12,"OF",0,998,2462,359,675,118,32,21,244,89,44,229,445,274,374,336
"N",1960,1975,16,"2B",0.19,1763,6185,888,1530,231,71,197,697,63,59,882,974,247,403,343
"N",1979,1991,10,"2B",0,1071,3700,523,970,177,30,75,391,113,55,428,606,262,387,339
"N",1984,1995,12,"C",0,879,2473,185,663,109,5,18,294,5,15,321,244,268,338,351
"N",1992,2006,11,"SS",0,594,1271,166,293,50,12,15,115,37,10,86,276,231,324,282
"N",1955,1968,12,"OF",0,1583,5980,735,1596,237,81,91,502,47,54,442,647,267,379,316
"N",1996,2008,12,"OF",0,1092,3627,579,995,222,28,137,555,30,13,504,689,274,464,364
"N",1971,1986,16,"OF",0.19,1941,6677,901,1575,240,25,442,1210,85,49,608,1816,236,478,302
"N",1985,1994,10,"OF",0,899,2262,318,564,59,32,14,173,161,46,168,217,249,322,301
"N",1982,2007,23,"SS",0.13,2527,8677,1285,2586,407,54,173,1194,281,107,917,1341,298,417,365
"N",1967,1976,10,"2B",0,977,2447,238,565,61,21,13,202,13,22,271,272,231,289,307
"N",1973,1984,11,"OF",0,991,2803,331,699,111,28,17,253,125,69,186,464,249,327,297
"N",1984,1993,10,"OF",0,884,2178,296,569,87,9,44,210,130,26,107,352,261,370,299
"N",1976,1994,19,"OF",0.11,2154,7731,1169,2207,281,147,41,585,668,134,425,1144,285,376,326
"N",1984,1998,13,"OF",0.15,1223,4134,630,1173,224,25,234,760,30,31,491,719,284,520,360
"N",1989,1999,11,"3B",0,1201,4262,600,1091,222,18,154,709,75,32,442,584,256,425,324
"N",1992,2008,17,"2B",0.29,2298,8498,1320,2461,560,47,377,1518,94,60,801,1522,290,500,356
"N",1962,1971,10,"C",0,538,1639,157,382,53,8,25,146,28,22,120,231,233,321,289
"N",1985,1994,10,"C",0,692,1955,174,456,85,6,35,212,4,13,98,396,233,337,268
"N",1980,1992,13,"C",0.15,1441,4373,398,1131,198,12,68,446,29,24,567,307,259,356,344
"N",1955,1967,13,"C",0.31,1141,3586,393,969,150,17,104,449,13,12,421,470,270,409,349
"N",1969,1986,17,"3B",0.24,2155,7402,1115,1954,307,40,195,918,238,94,1153,868,264,395,365
"N",1995,2005,11,"OF",0,1362,4910,736,1336,270,33,187,709,91,53,649,796,272,455,358
"N",1992,2002,11,"OF",0.09,950,3031,389,784,176,9,160,523,10,14,276,803,259,481,321
"N",1992,2002,11,"SS",0,1105,3917,614,1093,281,17,124,558,47,31,463,524,279,454,360
"N",1968,1978,10,"C",0,367,892,72,168,37,1,14,82,4,3,95,191,188,279,267
"N",1992,2003,11,"OF",0,1232,4242,664,1172,220,48,132,485,173,65,390,879,276,444,339
"N",1958,1975,18,"OF",0.11,2469,9645,1366,2757,485,127,256,1170,305,122,574,1196,286,442,327
"N",1962,1974,13,"OF",0.08,1421,3974,518,1002,163,25,159,560,17,19,491,832,252,426,335
"N",1973,1984,12,"SS",0,996,2848,250,687,84,12,14,231,9,23,143,329,241,294,283
"N",1981,1991,11,"OF",0.09,1035,3593,433,971,173,8,148,530,26,33,247,810,270,446,321
"N",1951,1961,11,"C",0,946,2796,260,750,126,17,38,313,3,16,264,143,268,366,339
"N",1984,1993,10,"C",0,448,1087,113,245,50,3,34,129,3,3,84,355,225,371,282
"N",1963,1980,16,"OF",0.06,1458,4017,509,1122,160,37,36,329,125,58,212,422,279,364,315
"N",1987,1998,10,"C",0,301,794,79,191,45,2,11,72,0,2,39,138,241,344,289
"N",1966,1977,11,"C",0,887,2645,251,623,93,7,76,301,14,17,222,607,236,362,296
"N",1982,1998,17,"SS",0,1154,2301,217,508,55,14,2,142,43,17,136,384,221,259,270
"N",1976,1993,18,"SS",0.06,1962,6780,759,1688,245,78,24,527,192,134,338,664,249,319,285
"N",1972,1985,14,"3B",0,959,2811,268,751,122,18,44,311,16,16,186,413,267,370,313
"N",1963,1979,15,"OF",0.07,1651,5606,712,1677,278,17,204,890,21,26,642,663,299,464,369
"N",1955,1966,12,"OF",0,1450,4644,623,1251,193,37,136,591,16,23,418,696,269,415,330
"N",1988,2003,11,"OF",0.09,747,2527,322,708,135,14,54,324,102,57,203,507,280,409,334
"N",1976,1989,14,"OF",0.07,1475,4124,571,1068,191,24,93,460,197,90,642,627,259,385,359
"N",1983,1995,12,"3B",0,720,2128,245,529,90,13,48,220,14,11,145,438,249,371,298
"N",1980,1996,17,"3B",0.29,2212,8099,908,2085,432,36,260,1125,51,66,649,1307,257,416,316
"N",1979,1990,12,"OF",0.17,1287,4479,594,1236,196,41,130,597,83,30,351,775,276,425,328
"N",1972,1982,11,"SS",0,622,1081,108,230,32,6,0,65,9,10,74,133,213,253,266
"N",1978,1994,17,"OF",0.06,1613,5170,909,1488,273,58,98,533,370,140,623,849,288,420,371
"N",1955,1966,12,"3B",0.5,1441,5428,647,1486,239,21,133,728,14,14,337,434,274,399,315
"N",1984,1995,11,"3B",0,1246,3901,462,942,206,18,134,505,18,16,343,785,241,407,306
"N",1969,1986,17,"C",0,1049,2743,245,618,128,10,58,321,5,10,230,419,225,343,284
"N",1986,1998,11,"3B",0,582,1345,155,364,63,6,20,138,33,17,47,191,271,371,302
"N",1981,1992,10,"C",0,140,252,20,48,6,1,1,21,2,1,17,35,190,234,244
"N",1957,1971,12,"C",0,536,1373,163,349,73,8,46,193,5,2,148,237,254,420,328
"N",1997,2008,12,"2B",0.25,1418,5113,720,1524,341,12,128,654,23,16,478,556,298,445,359
"N",1954,1965,12,"1B",0.33,1627,6046,765,1716,290,49,126,658,45,35,279,247,284,411,315
"N",1995,2008,14,"2B",0.14,1975,7408,1249,2054,440,79,192,875,273,97,820,1201,277,436,352
"N",1989,1998,10,"OF",0,598,1573,241,423,77,8,25,132,58,29,138,280,269,376,333
"N",1941,1962,18,"OF",0,1904,6296,789,1700,276,72,84,729,101,63,594,551,270,377,334
"N",1989,2003,15,"OF",0.27,1731,6103,1017,1475,284,23,355,1072,121,59,865,1513,242,470,337
"N",1968,1982,14,"OF",0.14,1197,4205,652,1146,193,32,166,674,128,61,462,941,273,452,347
"N",1957,1966,10,"SS",0.1,1077,3546,411,935,146,13,22,261,31,31,265,353,264,331,317
"N",1980,1997,18,"C",0.28,1988,6489,667,1687,298,27,107,708,80,63,455,846,260,364,309
"N",1969,1981,13,"1B",0,883,2672,259,699,116,13,69,391,6,10,190,403,262,392,312
"N",1981,1994,14,"2B",0.36,1769,6940,913,1949,278,47,54,550,444,178,556,584,281,358,335
"N",1954,1963,10,"SS",0,913,2073,236,512,90,10,12,163,17,14,206,192,247,317,318
"N",1954,1963,10,"2B",0,1034,3544,356,841,159,18,41,271,19,22,246,439,237,327,292
"N",1974,1986,10,"OF",0,730,1913,233,537,93,12,33,179,18,24,138,288,281,394,330
"N",1965,1979,15,"OF",0.13,1881,6650,964,1803,300,51,160,758,233,117,934,708,271,404,360
"N",1965,1974,10,"OF",0,540,1364,166,325,68,10,24,159,16,10,160,265,238,356,323
"N",1984,1996,13,"OF",0,1359,3761,491,1029,156,37,47,357,214,66,336,635,274,372,335
"N",1964,1975,12,"OF",0,1366,4117,601,1041,170,43,139,507,64,49,663,785,253,416,355
"N",1992,2001,10,"OF",0,1204,4017,648,1061,195,16,101,461,212,98,510,676,264,396,349
"N",1992,2002,11,"SS",0,775,1773,203,470,84,6,18,196,10,5,181,211,265,350,338
"N",1969,1978,10,"SS",0,931,3131,313,771,108,22,22,241,11,17,245,369,246,316,301
"N",1963,1977,15,"OF",0.2,1920,6653,1105,1665,285,39,291,964,225,101,1224,1427,250,436,366
"N",1957,1968,12,"C",0,906,2504,215,670,115,19,27,266,0,7,154,279,268,361,310
"N",1990,2000,11,"2B",0.09,1298,4558,597,1222,209,54,32,351,123,45,437,714,268,359,338
"N",1964,1980,17,"OF",0.12,1947,6042,776,1513,282,55,134,620,171,93,449,877,250,382,302
"N",1975,1987,12,"SS",0,1039,3191,320,709,109,19,22,229,94,51,241,564,222,289,277
"N",1980,1994,15,"OF",0.13,1645,5974,656,1608,290,31,149,824,64,56,387,1005,269,403,315
"N",1974,1986,13,"OF",0,1584,5534,704,1494,276,68,108,717,120,74,389,659,270,403,319
"N",1970,1986,17,"OF",0.24,2006,7310,1084,2087,436,60,199,976,550,179,664,938,285,443,347
"N",1951,1962,10,"C",0,424,985,83,262,27,11,6,87,1,1,76,62,266,334,321
"N",1944,1962,17,"SS",0.18,1531,5839,711,1529,272,62,104,708,35,14,351,432,262,383,303
"N",1977,1988,12,"3B",0,1089,3375,371,876,170,16,112,435,50,37,213,521,260,419,305
"N",1990,2004,14,"OF",0.07,1701,5747,968,1561,356,54,238,874,258,117,828,1550,272,477,364
"N",1988,2001,14,"3B",0,1547,5262,580,1379,251,16,144,740,47,31,420,918,262,398,316
"N",1953,1966,14,"C",0.36,1212,3581,432,915,128,15,155,540,17,18,545,577,256,429,355
"N",1963,1974,12,"C",0,551,1462,117,320,56,5,26,148,3,7,96,246,219,317,267
"N",1983,1996,14,"SS",0,1368,4299,505,989,137,32,56,353,120,41,446,684,230,316,308
"N",1986,1999,12,"SS",0,862,2526,305,597,125,13,69,340,10,18,227,656,236,378,298
"N",1976,1992,17,"2B",0,1801,6189,726,1696,262,38,47,568,137,78,383,501,274,351,319
"N",1963,1974,12,"SS",0,1129,3449,331,803,108,13,47,254,22,23,317,414,233,313,300
"N",1997,2008,12,"OF",0,1388,4724,713,1167,252,36,204,624,113,39,658,1147,247,445,337
"N",1952,1967,14,"SS",0.36,1929,7484,829,2138,352,67,39,707,14,27,490,512,286,366,330
"N",1978,1990,13,"2B",0,1276,4214,458,1118,190,33,42,344,40,26,369,681,265,356,323
"N",1985,2002,18,"SS",0.11,1814,5927,736,1597,292,62,150,668,212,82,203,1000,269,416,296
"N",1952,1963,10,"3B",0,560,792,130,164,27,2,8,73,7,7,145,127,207,277,330
"N",1974,1985,12,"1B",0,1118,3734,411,944,153,31,86,459,61,29,219,277,253,379,293
"N",1986,1996,10,"OF",0,819,2034,292,546,108,26,30,219,45,28,191,248,268,391,330
"N",1995,2006,12,"3B",0.08,1217,4188,584,1131,209,6,208,743,18,5,449,1019,270,472,343
"N",1963,1974,10,"OF",0,564,1306,126,308,41,15,33,123,20,13,44,342,236,366,265
"N",1969,1983,15,"C",0.07,1555,4390,653,1060,179,20,201,674,36,42,984,998,241,429,388
"N",1970,1988,19,"SS",0.47,2488,8723,993,2326,389,48,101,950,321,109,736,1186,267,357,322
"N",1972,1986,15,"OF",0,1749,6331,777,1802,337,62,117,754,248,92,323,781,285,413,320
"N",1972,1987,16,"2B",0.12,1755,5829,733,1619,267,63,130,745,79,60,500,715,278,412,334
"N",1943,1962,17,"OF",0.06,1796,5587,830,1585,257,63,147,830,29,45,921,479,284,431,386
"N",1971,1981,11,"SS",0,624,1407,167,309,56,5,9,86,36,21,127,198,220,286,286
"N",1972,1987,16,"OF",0,1523,4549,650,1303,207,42,91,458,185,86,372,657,286,410,339
"N",1988,2005,17,"C",0,1099,3282,289,831,168,12,69,346,9,14,155,557,253,375,288
"N",1974,1991,10,"OF",0,1107,3927,459,1104,229,32,61,391,50,37,325,403,281,402,336
